<?xml version="1.0" encoding="UTF-8"?>
<lom xmlns="http://www.imsglobal.org/xsd/imsmd_rootv1p2p1" xmlns:xsi="http://www.w3.org/2001/XMLSchema-instance" xsi:schemaLocation="http://www.imsglobal.org/xsd/imsmd_rootv1p2p1 imsmd_rootv1p2p1.xsd"><relation><resource><identifier>33808276_1#C.pdf</identifier></resource></relation><relation><resource><identifier>33808277_1#launch_server.sh</identifier></resource></relation><relation><resource><identifier>33808278_1#logclient.c</identifier></resource></relation><relation><resource><identifier>33808279_1#logserver.c</identifier></resource></relation><relation><resource><identifier>33808280_1#logservice.c</identifier></resource></relation><relation><resource><identifier>33808281_1#logservice.h</identifier></resource></relation><relation><resource><identifier>33808282_1#makefile</identifier></resource></relation></lom>
